date,ref,outcome,company,keyword,url
2026-07-01,A26-1328653,Upheld,Videoslots Ltd,green,https://www.asa.org.uk/rulings/videoslots-ltd-a26-1328653-videoslots-ltd.html
2026-06-24,A26-1327724,Upheld,Calvin Klein Europe BV,environmental,https://www.asa.org.uk/rulings/calvin-klein-europe-bv--a26-1327724-calvin-klein-europe-bv.html
2026-06-24,A26-1327728,Upheld,Adidas UK Ltd,environmental,https://www.asa.org.uk/rulings/adidas-uk-ltd-a26-1327728-adidas-uk-ltd.html
2026-06-24,A26-1327727,Upheld,Uniqlo (UK) Ltd,environmental,https://www.asa.org.uk/rulings/uniqlo--uk--ltd-a26-1327727-uniqlo--uk--ltd.html
2026-06-24,A26-1325493,Upheld,Microsoft Ltd,green,https://www.asa.org.uk/rulings/microsoft-ltd-a26-1325493-microsoft-ltd.html
2026-06-24,G26-1332433,Upheld,Patisserie Valerie Production Ltd,green,https://www.asa.org.uk/rulings/patisserie-valerie-production-ltd-g26-1332433-patisserie-valerie-production-ltd.html
2026-06-24,A26-1325179,Upheld,The Clean Supps LLC,sustainable,https://www.asa.org.uk/rulings/the-clean-supps-llc-a26-1325179-the-clean-supps-llc.html
2026-06-17,A26-1327464,Upheld,HealthTracker Apps,green,https://www.asa.org.uk/rulings/healthtracker-apps-a26-1327464-healthtracker-apps.html
2026-06-17,A25-1319054,Upheld,This is Enough Ltd,climate,https://www.asa.org.uk/rulings/this-is-enough-ltd-a25-1319054-this-is-enough-ltd.html
2026-06-03,G26-1324500,Upheld,Brighton & Hove City Council,carbon,https://www.asa.org.uk/rulings/brighton---hove-city-council-g26-1324500-brighton---hove-city-council.html
2026-05-27,A25-1321217,Upheld,Menwell Ltd,green,https://www.asa.org.uk/rulings/menwell-ltd-a25-1321217-menwell-ltd.html
2026-05-27,A25-1319927,Upheld,Betway Ltd,sustainable,https://www.asa.org.uk/rulings/betway-ltd-a25-1319927-betway-ltd.html
2026-05-20,A26-1326171,Upheld,DBZ Marketplace Online Ltd,green,https://www.asa.org.uk/rulings/dbz-marketplace-online-ltd--a26-1326171-dbz-marketplace-online-ltd.html
2026-05-13,A25-1278659,,Agriculture and Horticulture Development Board,environmental,https://www.asa.org.uk/rulings/agriculture-and-horticulture-development-board--a25-1278659--agriculture-and-horticulture-development-board.html
2026-05-13,A26-1325032,Upheld,Linjer Ltd,carbon,https://www.asa.org.uk/rulings/linjer-ltd-a26-1325032-linjer-ltd.html
2026-05-13,A26-1325029,Upheld,Novita Diamonds Ltd,carbon,https://www.asa.org.uk/rulings/novita-diamonds-ltd-a26-1325029-novita-diamonds-ltd.html
2026-05-06,A25-1317723,Upheld,GLP-1 Pro Ltd,sustainable,https://www.asa.org.uk/rulings/glp-1-pro-ltd-a25-1317723-glp-1-pro-ltd.html
2026-04-29,A26-1327840,Upheld,Gismart Ltd,green,https://www.asa.org.uk/rulings/gismart-ltd-a26-1327840-gismart-ltd.html
2026-04-29,A25-1317807,Upheld,Beiersdorf UK Ltd,climate,https://www.asa.org.uk/rulings/beiersdorf-uk-ltd-a25-1317807-beiersdorf-uk-ltd-.html
2026-04-22,A25-1316858,Upheld,Shop TJC Ltd,green,https://www.asa.org.uk/rulings/shop-tjc-ltd--a25-1316858-shop-tjc-ltd.html
2026-04-22,A26-1326698,Upheld,Ecoflow Innovation UK,sustainable,https://www.asa.org.uk/rulings/ecoflow-innovation-uk-a26-1326698-ecoflow-innovation-uk.html
2026-04-22,A25-1316838,Upheld,L'Oréal (UK) Ltd,sustainable,https://www.asa.org.uk/rulings/l-oreal-uk-ltd-a25-1316838-l-oreal-uk-ltd.html
2026-04-15,A26-1324901,Upheld,On The Beach Ltd,climate,https://www.asa.org.uk/rulings/on-the-beach-ltd-a26-1324901-on-the-beach-ltd.html
2026-03-25,A26-1327600,Upheld,Mark Anthony Brands (UK) Ltd,green,https://www.asa.org.uk/rulings/mark-anthony-brands--uk--ltd-a26-1327600-mark-anthony-brands--uk--ltd.html
2026-03-18,A25-1317645,Upheld,Digital Vapers,green,https://www.asa.org.uk/rulings/digital-vapers-a25-1317645-digital-vapers.html
2026-03-18,A25-1313854,Upheld,Grind Coffee Roasters Ltd,recyclable,https://www.asa.org.uk/rulings/grind-coffee-roasters-ltd-a25-1313854-grind-coffee-roasters-ltd.html
2026-03-11,A24-1261050,Upheld,ZOE Ltd,environmental,https://www.asa.org.uk/rulings/zoe-ltd-a24-1261050-zoe-ltd-1.html
2026-03-04,A25-1295064,Upheld,British Gas Services Ltd,green,https://www.asa.org.uk/rulings/british-gas-services-ltd-a25-1295064-british-gas-services-ltd.html
2026-03-04,A25-1295069,Upheld,Centrica Hive Ltd,green,https://www.asa.org.uk/rulings/centrica-hive-ltd-a25-1295069-centrica-hive-ltd.html
2026-02-25,A25-1314135,Upheld,WashWater UK Ltd,environmental,https://www.asa.org.uk/rulings/washwater-uk-ltd-a25-1314135-washwater-uk-ltd.html
2026-02-11,A25-1317917,Upheld,ZING Oral Care Ltd,green,https://www.asa.org.uk/rulings/zing-oral-care-ltd-a25-1317917-zing-oral-care-ltd.html
2026-02-11,G25-1318848,Upheld,The Walt Disney Company Ltd,green,https://www.asa.org.uk/rulings/the-walt-disney-company-ltd-g25-1318848-the-walt-disney-company-ltd.html
2026-02-04,A25-1309689,Upheld,Kit & Kin Ltd,environmental,https://www.asa.org.uk/rulings/kit---kin-ltd-a25-1309689-kit---kin-ltd.html
2026-02-04,A25-1316071,Upheld,The Cheeky Panda Ltd,environmental,https://www.asa.org.uk/rulings/the-cheeky-panda-ltd-a25-1316071-the-cheeky-panda-ltd.html
2026-01-21,A25-1306576,Upheld,JD Tanning UK Ltd,sustainable,https://www.asa.org.uk/rulings/jd-tanning-uk-ltd-a25-1306576-jd-tanning-uk-ltd.html
2026-01-21,A25-1306587,Upheld,The Sun Company (Horsham) Ltd,climate,https://www.asa.org.uk/rulings/the-sun-company--horsham--ltd-a25-1306587-the-sun-company--horsham--ltd.html
2025-12-10,A25-1303989,Upheld,Healthbio Ltd,sustainable,https://www.asa.org.uk/rulings/healthbio-ltd-a25-1303989-healthbio-ltd.html
2025-12-03,A25-1309100,Upheld,Nike Retail BV,environmental,https://www.asa.org.uk/rulings/nike-retail-bv-a25-1309100-nike-retail-bv.html
2025-12-03,A25-1309097,Upheld,Lacoste E-commerce,environmental,https://www.asa.org.uk/rulings/lacoste-e-commerce-a25-1309097-lacoste-e-commerce.html
2025-12-03,A25-1309101,Upheld,Supergroup Internet Ltd,environmental,https://www.asa.org.uk/rulings/supergroup-internet-ltd-a25-1309101-supergroup-internet-ltd.html
2025-11-26,A25-1295074,Upheld,GGRS Energie Ltd,green,https://www.asa.org.uk/rulings/ggrs-energie-ltd-a25-1295074-ggrs-energie-ltd.html
2025-11-26,A25-1295070,Upheld,Good Energy Ltd,green,https://www.asa.org.uk/rulings/good-energy-ltd-a25-1295070-good-energy-ltd.html
2025-11-12,A25-1300448,Upheld,Select Specs Ltd,green,https://www.asa.org.uk/rulings/select-specs-ltd-a25-1300448-select-specs-ltd.html
2025-11-05,A25-1292745,Upheld,Stove Industry Alliance Ltd,environmental,https://www.asa.org.uk/rulings/stove-industry-alliance-ltd-a25-1292745-stove-industry-alliance-ltd.html
2025-11-05,G25-1297841,Upheld,Banquist Ltd,green,https://www.asa.org.uk/rulings/banquist-ltd-g25-1297841-banquist-ltd.html
2025-10-22,A25-1292429,Upheld,Betway Ltd,climate,https://www.asa.org.uk/rulings/betway-ltd-a25-1292429-betway-ltd.html
2025-10-22,A23-1189938,Upheld,Bonne Terre Ltd,climate,https://www.asa.org.uk/rulings/bonne-terre-ltd-a23-1189938-bonne-terre-ltd-1.html
2025-10-22,A24-1252292,Upheld,Eaton Gate Gaming Ltd,climate,https://www.asa.org.uk/rulings/eaton-gate-gaming-ltd-a24-1252292-eaton-gate-gaming-ltd.html
2025-10-15,A23-1199608,Upheld,Assured Food Standards,environmental,https://www.asa.org.uk/rulings/assured-food-standards-a23-1199608-assured-food-standards.html
2025-10-01,A25-1288971,Upheld,Shell Energy UK,environmental,https://www.asa.org.uk/rulings/shell-energy-uk-a25-1288971-shell-energy-uk-ltd.html
2025-09-24,A25-1299250,Upheld,Voodoo Doll Ltd,climate,https://www.asa.org.uk/rulings/voodoo-doll-ltd.html
2025-09-17,A25-1296023,Upheld,Simmer Ltd,climate,https://www.asa.org.uk/rulings/simmer-ltd-a25-1296023-simmer-ltd.html
2025-09-03,A25-1284421,Upheld,www.Cruise.co.uk Ltd,environmental,https://www.asa.org.uk/rulings/www-cruise-co-uk-ltd-a25-1284421-www-cruise-co-uk-ltd.html
2025-09-03,A25-1288069,Upheld,Sunshine Cruise Holidays Ltd,environmental,https://www.asa.org.uk/rulings/sunshine-cruise-holidays-ltd-a25-1288069-sunshine-cruise-holidays-ltd.html
2025-09-03,A25-1284422,Upheld,TravelCircle Ltd,environmental,https://www.asa.org.uk/rulings/travelcircle-ltd-a25-1284422-travelcircle-ltd.html
2025-09-03,A25-1286496,Upheld,Barrhead Travel Service Ltd,environmental,https://www.asa.org.uk/rulings/barrhead-travel-service-ltd-a25-1286496-barrhead-travel-service-ltd.html
2025-08-27,A25-1281126,Upheld,Contact Solar Ltd,green,https://www.asa.org.uk/rulings/contact-solar-ltd.html
2025-08-27,A25-1286109,Upheld,Formulapower/fuelcat Ltd,carbon,https://www.asa.org.uk/rulings/formulapower-fuelcat-ltd.html
2025-08-20,A25-1284566,Upheld,Lloyds Bank plc,sustainable,https://www.asa.org.uk/rulings/lloyds-bank-plc-a25-1284566-lloyds-bank-plc.html
2025-08-06,G24-1238345,Upheld,Amazon Europe Core Sarl,green,https://www.asa.org.uk/rulings/amazon-europe-core-sarl-g24-1238345-amazon-europe-core-sarl.html
2025-08-06,G25-1282261,Upheld,We Buy Any Car Ltd,green,https://www.asa.org.uk/rulings/we-buy-any-car-ltd-g25-1282261-we-buy-any-car-ltd.html
2025-08-06,A25-1281131,Upheld,Energystore Ltd,green,https://www.asa.org.uk/rulings/energystore-ltd-a25-1281131-energystore-ltd.html
2025-08-06,A25-1281257,Upheld,The Clean Supps LLC,sustainable,https://www.asa.org.uk/rulings/the-clean-supps-llc-a25-1281257-the-clean-supps-llc.html
2025-07-30,G24-1271647,Upheld,Octopus Energy Ltd,green,https://www.asa.org.uk/rulings/octopus-energy-ltd-g24-1271647-octopus-energy-ltd.html
2025-07-30,A24-1251814,Upheld,Viridian International Ltd,carbon,https://www.asa.org.uk/rulings/viridian-international-ltd-a24-1251814-viridian-international-ltd.html
2025-07-16,A25-1290344,Upheld,Mecca Bingo Ltd,green,https://www.asa.org.uk/rulings/mecca-bingo-ltd-a25-1290344-mecca-bingo-ltd.html
2025-07-09,A24-1250237,Upheld,Aramco Overseas Oil Company BV,environmental,https://www.asa.org.uk/rulings/aramco-overseas-oil-company-bv-a24-1250237-aramco-overseas-oil-company-bv.html
2025-07-09,A25-1278530,Not upheld,Monzo Bank Ltd,green,https://www.asa.org.uk/rulings/monzo-bank-ltd-a25-1278530-monzo-bank-ltd.html
2025-07-09,A25-1275267,Upheld,GoBrands Euro Intermediate Holdings SARL,green,https://www.asa.org.uk/rulings/gobrands-euro-intermediate-holdings-sarl-a25-1275267-gobrands-euro-intermediate-holdings-sarl.html
2025-07-09,A24-1264775,Upheld,Chequp Health Ltd,sustainable,https://www.asa.org.uk/rulings/chequp-health-ltd-a24-1264775-chequp-health-ltd.html
2025-07-09,A25-1287166,Upheld,Glamour Shots,climate,https://www.asa.org.uk/rulings/glamour-shots-a25-1287166-glamour-shots.html
2025-07-02,G25-1285500,Upheld,Kenvue UK Ltd,green,https://www.asa.org.uk/rulings/kenvue-uk-ltd-g25-1285500-kenvue-uk-ltd.html
2025-06-25,A25-1274162,Upheld,SaffPro,climate,https://www.asa.org.uk/rulings/saffpro.html
2025-05-21,A24-1253564,Upheld,EE Ltd,environmental,https://www.asa.org.uk/rulings/ee-ltd-a24-1253564-ee-ltd.html
2025-05-07,G24-1260091,Not upheld,Royal Society for the Prevention of Cruelty to Animals,environmental,https://www.asa.org.uk/rulings/royal-society-for-the-prevention-of-cruelty-to-animals-g24-1260091-royal-society-for-the-prevention-of-cruelty-to-animals.html
2025-05-07,A24-1270983,Upheld,Rosenthal Capital Ltd,sustainable,https://www.asa.org.uk/rulings/rosenthal-capital-ltd-a24-1270983-rosenthal-capital-ltd.html
2025-04-30,A24-1248756,Upheld,Lavazza Coffee (UK) Ltd,environmental,https://www.asa.org.uk/rulings/lavazza-coffee-uk-ltd.html
2025-04-23,A24-1265573,Upheld,Octopus Energy Ltd,green,https://www.asa.org.uk/rulings/octopus-energy-ltd-a24-1265573-octopus-energy-ltd.html
2025-04-16,A24-1266131,Upheld,Pressplay Ltd,green,https://www.asa.org.uk/rulings/pressplay-ltd-a24-1266131-pressplay-ltd.html
2025-04-09,G24-1248246,Not upheld,Shell UK Ltd,environmental,https://www.asa.org.uk/rulings/shell-uk-ltd-g24-1248246-shell-uk-ltd.html
2025-04-09,A24-1246357,Upheld,TotalEnergies SE,environmental,https://www.asa.org.uk/rulings/totalenergies-se-a24-1246357-totalenergies-se.html
2025-04-09,A24-1261852,Upheld,Barclays Bank plc,environmental,https://www.asa.org.uk/rulings/barclays-bank-plc-a24-1261852-barclays-bank-plc.html
2025-04-09,A24-1266486,Upheld,Foreo AB,sustainable,https://www.asa.org.uk/rulings/foreo-ab-a24-1266486-foreo-ab.html
2025-04-02,G24-1266714,Upheld,OceanSaver Ltd,environmental,https://www.asa.org.uk/rulings/oceansaver-ltd-g24-1266714-oceansaver-ltd.html
2025-04-02,A24-1262780,Upheld,Hutchison 3G UK Ltd,climate,https://www.asa.org.uk/rulings/hutchison-3g-uk-ltd-a24-1262780-hutchison-3g-uk-ltd.html
2025-03-19,A24-1271687,Upheld,Bestway Retail Ltd,climate,https://www.asa.org.uk/rulings/bestway-retail-ltd-a24-1271687-bestway-retail-ltd.html
2025-03-12,A24-1270842,Upheld,Shenzhenshi Senyi Dianzi Shangwu Youxiangongsi,sustainable,https://www.asa.org.uk/rulings/shenzhenshi-senyi-dianzi-shangwu-youxiangongsi-a24-1270842-shenzhenshi-senyi-dianzi-shangwu-youxiangongsi.html
2025-03-12,A24-1270884,Upheld,Petchip.Network,climate,https://www.asa.org.uk/rulings/petchip-network-a24-1270884-petchip-network.html
2025-02-19,A24-1253521,Upheld,Floor Design Ltd,environmental,https://www.asa.org.uk/rulings/floor-design-ltd-a24-1253521-floor-design-ltd.html
2025-02-19,G24-1260840,Upheld,EDF Energy Ltd,carbon,https://www.asa.org.uk/rulings/edf-energy-ltd-g24-1260840-edf-energy-ltd.html
2025-02-12,A24-1266482,Upheld,Wilton Bradley Ltd,green,https://www.asa.org.uk/rulings/wilton-bradley-ltd-a24-1266482-wilton-bradley-ltd.html
2025-02-05,G24-1253901,Upheld,ScottishPower Energy Retail Ltd,green,https://www.asa.org.uk/rulings/scottishpower-energy-retail-ltd-g24-1253901-scottishpower-energy-retail-ltd.html
2025-02-05,G24-1266185,Upheld,Banquist Ltd,green,https://www.asa.org.uk/rulings/banquist-ltd-g24-1266185-banquist-ltd.html
2025-02-05,A24-1257127,Upheld,Wireless Group Media (GB) Ltd,climate,https://www.asa.org.uk/rulings/wireless-group-media--gb--ltd-a24-1257127-wireless-group-media--gb--ltd.html
2025-01-29,A24-1253433,Upheld,Visual Stress Consultancy Ltd,green,https://www.asa.org.uk/rulings/visual-stress-consultancy-ltd-a24-1253433-visual-stress-consultancy-ltd.html
2025-01-08,A24-1254018,Upheld,"Vacaciones eDreams, S.L.",environmental,https://www.asa.org.uk/rulings/vacaciones-edreams--s-l--a24-1254018-vacaciones-edreams-sl.html
2024-12-18,A24-1244509,Upheld,Lloyds Bank plc,environmental,https://www.asa.org.uk/rulings/lloyds-bank-plc-a24-1244509-lloyds-bank-plc.html
2024-12-18,A24-1251637,Upheld,Heineken UK Ltd,green,https://www.asa.org.uk/rulings/heineken-uk-ltd-a24-1251637-heineken-uk-ltd.html
2024-12-11,A24-1252405,Upheld,Ignite Sustainable Energy Ltd,sustainable,https://www.asa.org.uk/rulings/ignite-sustainable-energy-ltd-a24-1252405-ignite-sustainable-energy-ltd.html
2024-11-27,A24-1253458,Upheld,Wizz Air Hungary Ltd,environmental,https://www.asa.org.uk/rulings/wizz-air-hungary-ltd-a24-1253458-wizz-air-hungary-ltd.html
2024-10-23,A24-1248087,Upheld,Webloyalty International Ltd,green,https://www.asa.org.uk/rulings/webloyalty-international-ltd-a24-1248087-webloyalty-international-sarl-ltd.html
2024-10-23,G24-1229880,Upheld,Webloyalty International Ltd,green,https://www.asa.org.uk/rulings/webloyalty-international-ltd-g24-1229880-webloyalty-international-sarl-ltd.html
2024-09-25,A24-1247950,Upheld,Mazda Motors UK Ltd,environmental,https://www.asa.org.uk/rulings/mazda-motors-uk-ltd-a24-1247950-mazda-motors-uk-ltd.html
2024-09-25,A24-1240834,Upheld,Huel Ltd,green,https://www.asa.org.uk/rulings/huel-ltd-a24-1240834-huel-ltd.html
2024-09-25,A24-1241344,Upheld,Reiss Ltd,green,https://www.asa.org.uk/rulings/reiss-ltd-a24-1241344-reiss-ltd.html
2024-09-25,A24-1241355,Upheld,Zeroo Gravity Games LLC,climate,https://www.asa.org.uk/rulings/zeroo-gravity-games-llc-a24-1241355-zeroo-gravity-games-llc.html
2024-09-25,A24-1241357,Upheld,Mobee Co Ltd,climate,https://www.asa.org.uk/rulings/mobee-co-ltd-a24-1241357-mobee-co-ltd.html
2024-09-11,A24-1241017,Upheld,Femgroup Ltd,green,https://www.asa.org.uk/rulings/femgroup-ltd-a24-1241017-femgroup-ltd.html
2024-08-14,G24-1237493,Upheld,Huel Ltd,green,https://www.asa.org.uk/rulings/huel-ltd-g24-1237493-huel-ltd.html
2024-08-14,A24-1247028,Not upheld,Aston Manor Ltd,green,https://www.asa.org.uk/rulings/aston-manor-ltd-a24-1247028-aston-manor-ltd.html
2024-08-07,G23-1224417,Upheld,Virgin Atlantic Airways Ltd,environmental,https://www.asa.org.uk/rulings/virgin-atlantic-airways-ltd-g23-1224417-virgin-atlantic-airways-ltd.html
2024-07-31,A24-1245866,Upheld,Gelcard Ltd,climate,https://www.asa.org.uk/rulings/gelcard-ltd-a24-1245866-gelcard-ltd.html
2024-07-24,G24-1248968,Upheld,Person(s) unknown,green,https://www.asa.org.uk/rulings/person-s--unknown-g24-1248968-person-s--unknown.html
2024-07-24,A24-1239905,Upheld,Nowt Ventures Ltd,green,https://www.asa.org.uk/rulings/nowt-ventures-ltd-a24-1239905-nowt-ventures-ltd.html
2024-07-17,A24-1237378,Upheld,Hurtigruten UK Ltd,environmental,https://www.asa.org.uk/rulings/hurtigruten-uk-ltd-a24-1237378-hurtigruten-uk-ltd.html
2024-07-10,G24-1241707,Upheld,London Luton Airport Ltd,environmental,https://www.asa.org.uk/rulings/london-luton-airport-ltd.html
2024-07-10,A24-1236471,Upheld,Wessex Water Services Ltd,environmental,https://www.asa.org.uk/rulings/wessex-water-services-ltd-a24-1236471-wessex-water-services-ltd.html
2024-07-03,A24-1241337,Upheld,Aspire Nutrition,green,https://www.asa.org.uk/rulings/aspire-nutrition-a24-1241337-aspire-nutrition.html
2024-06-19,A24-1231334,Upheld,Fussy Ltd,green,https://www.asa.org.uk/rulings/fussy-ltd-a24-1231334-fussy-ltd.html
2024-05-08,A23-1207275,Upheld,Tecnología Sostenible y Responsable SL (TSR),sustainable,https://www.asa.org.uk/rulings/tecnologia-sostenible-y-responsable-sl--tsr--a23-1207275-tecnologia-sostenible-y-responsable-sl.html
2024-04-10,A23-1189013,Upheld,The Sky Mining Company Ltd,environmental,https://www.asa.org.uk/rulings/the-sky-mining-company-ltd-a23-1189013-the-sky-mining-company-ltd.html
2024-04-03,A23-1216884,Upheld,Mous Products Ltd,environmental,https://www.asa.org.uk/rulings/mous-products-ltd-a23-1216884-mous-products-ltd.html
2024-04-03,A23-1221685,Upheld,John Mills Ltd,environmental,https://www.asa.org.uk/rulings/john-mills-ltd-a23-1221685-john-mills-ltd.html
2024-04-03,A23-1213924,Upheld,Top Games Inc,climate,https://www.asa.org.uk/rulings/top-games-inc-a23-1213924-top-games-inc.html
2024-03-27,G23-1215528,Upheld,Easigrass (Distribution) Ltd,environmental,https://www.asa.org.uk/rulings/easigrass--distribution--ltd-g23-1215528-easigrass--distribution--ltd.html
2024-03-20,A24-1228196,,Hing Fo International Ltd,green,https://www.asa.org.uk/rulings/hing-fo-international-ltd-a24-1228196-hing-fo-international-ltd.html
2024-03-20,A23-1226999,Upheld,Lindar Media Ltd,climate,https://www.asa.org.uk/rulings/lindar-media-ltd-a23-1226999-lindar-media-ltd.html
2024-03-06,A23-1213406,Upheld,6G Internet Ltd,green,https://www.asa.org.uk/rulings/6g-internet-ltd-a23-1213406-6g-internet-ltd.html
2024-02-28,A23-1217043,Upheld,Hovis Ltd,sustainable,https://www.asa.org.uk/rulings/hovis-ltd-a23-1217043-hovis-ltd.html
2024-02-21,A23-1209404,Upheld,Ford Motor Company Ltd,environmental,https://www.asa.org.uk/rulings/ford-motor-company-ltd-a23-1209404-ford-motor-company-ltd.html
2024-02-07,A23-1209400,Upheld,BMW (UK) Ltd,environmental,https://www.asa.org.uk/rulings/bmw--uk--ltd-a23-1209400-bmw--uk--ltd.html
2024-02-07,A23-1209401,Upheld,MG Motor UK Ltd,environmental,https://www.asa.org.uk/rulings/mg-motor-uk-ltd-a23-1209401-mg-motor-uk-ltd.html
2024-02-07,G23-1183539,Upheld,Transport For London,environmental,https://www.asa.org.uk/rulings/transport-for-london-g23-1183539-transport-for-london.html
2024-02-07,G23-1202588,Upheld,Greater London Authority,environmental,https://www.asa.org.uk/rulings/greater-london-authority-g23-1202588-greater-london-authority.html
2024-01-31,A23-1196058,Upheld,Brooksdale Ltd,green,https://www.asa.org.uk/rulings/brooksdale-ltd-a23-1196058-brooksdale-ltd.html
2024-01-31,A23-1196059,Upheld,Reclaim My PPI Tax Ltd,green,https://www.asa.org.uk/rulings/reclaim-my-ppi-tax-ltd-a23-1196059-reclaim-my-ppi-tax-ltd.html
2024-01-31,A23-1192106,Upheld,Churchill Retirement Living Ltd,sustainable,https://www.asa.org.uk/rulings/churchill-retirement-living-ltd-a23-1192106-churchill-retirement-living-ltd.html
2024-01-24,A23-1211989,Upheld,May Health Tourism Services,climate,https://www.asa.org.uk/rulings/may-health-tourism-services-a23-1211989-may-health-tourism-services.html
2024-01-03,A23-1217474,Upheld,Buzz Group Ltd,climate,https://www.asa.org.uk/rulings/buzz-group-ltd-a23-1217474-buzz-group-ltd.html
2023-12-20,A23-1210029,Upheld,Charles Tyrwhitt Shirts Ltd,environmental,https://www.asa.org.uk/rulings/charles-tyrwhitt-shirts-ltd-a23-1210029-charles-tyrwhitt-shirts-ltd.html
2023-12-20,G23-1210353,Upheld,BrewDog plc,environmental,https://www.asa.org.uk/rulings/brewdog-plc-g23-1210353-brewdog-plc.html
2023-12-20,A23-1204534,Upheld,Equinor ASA,environmental,https://www.asa.org.uk/rulings/equinor-asa-a23-1204534-equinor-asa.html
2023-12-20,A23-1190884,Upheld,Kia UK Ltd,environmental,https://www.asa.org.uk/rulings/kia-uk-ltd-a23-1190884-kia-uk-ltd.html
2023-12-20,A19-549495,Upheld,GMG Pharmacy Ltd,green,https://www.asa.org.uk/rulings/gmg-pharmacy-ltd-a19-549495-gmg-pharmacy-ltd.html
2023-12-20,A19-549582,Upheld,Get A Drip Ltd,sustainable,https://www.asa.org.uk/rulings/get-a-drip-ltd-a19-549582-get-a-drip-ltd.html
2023-12-20,A19-562605,Upheld,REVIV UK Ltd,sustainable,https://www.asa.org.uk/rulings/reviv-uk-ltd-a19-562605-reviv-uk-ltd.html
2023-12-06,A23-1206008,Upheld,Etihad Airways,environmental,https://www.asa.org.uk/rulings/etihad-airways-a23-1206008-etihad-airways.html
2023-12-06,A23-1206006,Upheld,Air France-KLM,environmental,https://www.asa.org.uk/rulings/air-france-klm-a23-1206006-air-france-klm.html
2023-12-06,A23-1206007,Upheld,Deutsche Lufthansa AG,environmental,https://www.asa.org.uk/rulings/deutsche-lufthansa-ag-a23-1206007-deutsche-lufthansa-ag.html
2023-12-06,A23-1202342,Upheld,GetAgent Ltd,green,https://www.asa.org.uk/rulings/getagent-ltd-a23-1202342-getagent-ltd.html
2023-11-29,G23-1208624,Upheld,Imiracle (HK) Ltd,environmental,https://www.asa.org.uk/rulings/imiracle--hk--ltd-g23-1208624-imiracle--hk--ltd.html
2023-11-29,A23-1201059,Upheld,Renault UK Ltd,environmental,https://www.asa.org.uk/rulings/renault-uk-ltd-a23-1201059-renault-uk-ltd.html
2023-11-22,A23-1191673,Upheld,Toyota (GB) plc,environmental,https://www.asa.org.uk/rulings/toyota--gb--plc-a23-1191673-toyota--gb--plc.html
2023-11-22,A23-1196136,Upheld,Kollo Health Ltd,climate,https://www.asa.org.uk/rulings/kollo-health-ltd-a23-1196136-kollo-health-ltd.html
2023-11-15,G23-1187801,Upheld,Prism Marketing Group Ltd,green,https://www.asa.org.uk/rulings/prism-marketing-group-ltd-g23-1187801-prism-marketing-group-ltd.html
2023-11-15,G23-1210375,Upheld,Mecca Bingo Ltd,climate,https://www.asa.org.uk/rulings/mecca-bingo-ltd-g23-1210375-mecca-bingo-ltd.html
2023-11-08,A23-1199218,Upheld,NUMA Ltd,sustainable,https://www.asa.org.uk/rulings/numa-ltd-a23-1199218-numa-limited.html
2023-11-08,A23-1199222,Upheld,Indiralaxmi Vignesh Ltd,sustainable,https://www.asa.org.uk/rulings/indiralaxmi-vignesh-ltd-a23-1199222-indiralaxmi-vignesh-ltd.html
2023-10-18,A23-1206254,Upheld,Repsol SA,environmental,https://www.asa.org.uk/rulings/repsol-sa-a23-1206254-repsol-sa.html
2023-10-18,G23-1206694,Upheld,Nissan Motor (GB) Ltd,environmental,https://www.asa.org.uk/rulings/nissan-motor--gb--ltd-g23-1206694-nissan-motor--gb--ltd.html
2023-10-18,G23-1206049,Upheld,ThruDark Ltd,climate,https://www.asa.org.uk/rulings/thrudark-ltd-g23-1206049-thrudark-ltd.html
2023-09-27,A23-1198244,Upheld,MEP LLC,environmental,https://www.asa.org.uk/rulings/mep-llc-a23-1198244-mep-llc.html
2023-09-27,A23-1185794,Upheld,Hamilton Direct Ltd,environmental,https://www.asa.org.uk/rulings/hamilton-direct-ltd-a23-1185794-hamilton-direct-ltd.html
2023-09-20,G23-1185155,Upheld,Jaguar Land Rover Ltd,green,https://www.asa.org.uk/rulings/jaguar-land-rover-ltd-g23-1185155-jaguar-land-rover-ltd.html
2023-08-30,A23-1184018,Upheld,4AIR LLC,environmental,https://www.asa.org.uk/rulings/4air-llc-a23-1184018-4air-llc.html
2023-08-23,G23-1196052,Not upheld,People for the Ethical Treatment of Animals (PETA) Foundation,environmental,https://www.asa.org.uk/rulings/people-for-the-ethical-treatment-of-animals--peta--foundation-g23-1196052-people-for-the-ethical-treatment-of-animals--peta--foundation.html
2023-08-23,G22-1179655,Upheld,London Cask Co Ltd,sustainable,https://www.asa.org.uk/rulings/london-cask-co-ltd-g22-1179655-london-cask-co-ltd.html
2023-08-23,A23-1199187,Upheld,AB InBev UK Ltd,climate,https://www.asa.org.uk/rulings/ab-inbev-uk-ltd-a23-1199187-ab-inbev-uk-ltd.html
2023-08-16,A23-1189958,Upheld,Hillside (UK Sports) ENC,green,https://www.asa.org.uk/rulings/hillside--uk-sports--enc-a23-1189958-hillside--uk-sports--enc.html
2023-08-16,A23-1188800,Upheld,One Source Digital Ltd,green,https://www.asa.org.uk/rulings/one-source-digital-ltd-a23-1188800-one-source-digital-ltd.html
2023-08-16,A23-1190482,Upheld,6G Internet Ltd,green,https://www.asa.org.uk/rulings/6g-internet-ltd-a23-1190482-6g-internet-ltd.html
2023-08-16,A23-1198593,Not upheld,Diageo Great Britain Ltd,green,https://www.asa.org.uk/rulings/diageo-great-britain-ltd-a23-1198593-diageo-great-britain-ltd.html
2023-08-16,G23-1196852,Not upheld,Whyte and Mackay Ltd,climate,https://www.asa.org.uk/rulings/whyte-and-mackay-ltd-g23-1196852-whyte-and-mackay-ltd.html
2023-08-16,A23-1199859,Upheld,Sisters & Seekers Ltd,climate,https://www.asa.org.uk/rulings/sisters---seekers-ltd-a23-1199859-sisters--seekers-ltd.html
2023-08-09,A23-1189959,Upheld,LC International Ltd,climate,https://www.asa.org.uk/rulings/lc-international-ltd-a23-1189959-lc-international-ltd.html
2023-07-12,A23-1194875,Upheld,BMW (UK) Ltd,climate,https://www.asa.org.uk/rulings/bmw--uk--ltd-a23-1194875-bmw--uk--ltd.html
2023-07-12,A23-1189955,Upheld,LC International Ltd,climate,https://www.asa.org.uk/rulings/lc-international-ltd-a23-1189955-lc-international-ltd.html
2023-06-28,A22-1172987,Upheld,Fortress Energy Solutions Ltd,carbon,https://www.asa.org.uk/rulings/fortress-energy-solutions-ltd-a22-1172987-fortress-energy-solutions-ltd.html
2023-06-28,G22-1147624,Upheld,Hyundai Motor UK Ltd,climate,https://www.asa.org.uk/rulings/hyundai-motor-uk-ltd-g22-1147624-hyundai-motor-uk-ltd.html
2023-06-28,A22-1146122,Upheld,Toyota (GB) plc,climate,https://www.asa.org.uk/rulings/toyota--gb--plc-a22-1146122-toyota--gb--plc.html
2023-06-21,G23-1188044,Upheld,John Mills Ltd,green,https://www.asa.org.uk/rulings/john-mills-ltd-g23-1188044-john-mills-ltd.html
2023-06-14,G22-1171967,Upheld,Anglian Water Services Ltd,environmental,https://www.asa.org.uk/rulings/anglian-water-services-ltd-g22-1171967-anglian-water-services-ltd.html
2023-06-14,G23-1194336,Not upheld,Severn Trent Water Ltd,environmental,https://www.asa.org.uk/rulings/severn-trent-water-ltd-g23-1194336-severn-trent-water-ltd.html
2023-06-07,A22-1169312,Upheld,Petroliam Nasional Berhad,environmental,https://www.asa.org.uk/rulings/petroliam-nasional-berhad-a22-1169312-petroliam-nasional-berhad.html
2023-06-07,G22-1170842,Upheld,Shell UK Ltd,environmental,https://www.asa.org.uk/rulings/shell-uk-ltd-g22-1170842-shell-uk-ltd.html
2023-06-07,A23-1185942,Upheld,Repsol SA,environmental,https://www.asa.org.uk/rulings/repsol-sa-a23-1185942-repsol-sa.html
2023-06-07,A23-1190963,Upheld,Novielo London,green,https://www.asa.org.uk/rulings/novielo-london-a23-1190963-novielo-london.html
2023-05-31,A22-1173927,Upheld,Intrepid Travel Group UK Ltd,environmental,https://www.asa.org.uk/rulings/intrepid-travel-group-uk-ltd-a22-1173927-intrepid-travel-group-uk-ltd.html
2023-05-31,A22-1179810,Upheld,Litty Liquor,climate,https://www.asa.org.uk/rulings/litty-liquor-a22-1179810-litty-liquor.html
2023-05-17,A22-1178272,Upheld,Wild Cosmetics Ltd,environmental,https://www.asa.org.uk/rulings/wild-cosmetics-ltd-a22-1178272-wild-cosmetics-ltd.html
2023-05-10,A22-1162007,Upheld,Green Fun Alliance Ltd,green,https://www.asa.org.uk/rulings/green-fun-alliance-ltd-a22-1162007-green-fun-alliance-ltd.html
2023-04-19,A23-1181155,Upheld,Roofsure Ltd,carbon,https://www.asa.org.uk/rulings/roofsure-ltd-a23-1181155-roofsure-ltd---unconfirmed.html
2023-04-19,A23-1185268,Upheld,Balmer Lawn Garage Ltd,climate,https://www.asa.org.uk/rulings/balmer-lawn-garage-ltd-a23-1185268-balmer-lawn-garage-ltd.html
2023-04-19,A23-1183713,Upheld,BV Gaming Ltd,climate,https://www.asa.org.uk/rulings/bv-gaming-ltd-a23-1183713-bv-gaming-ltd.html
2023-04-12,A22-1174208,Upheld,Etihad Airways,environmental,https://www.asa.org.uk/rulings/etihad-airways-a22-1174208-etihad-airways.html
2023-03-01,A22-1169419,Upheld,Deutsche Lufthansa AG,environmental,https://www.asa.org.uk/rulings/deutsche-lufthansa-ag-a22-1169419-deutsche-lufthansa-ag.html
2023-02-08,G22-1176149,Upheld,PPB Counterparty Services Ltd,climate,https://www.asa.org.uk/rulings/ppb-counterparty-services-ltd-g22-1176149-ppb-counterparty-services-ltd.html
2023-02-01,A22-1168734,Upheld,Not Guilty Food Co Ltd,green,https://www.asa.org.uk/rulings/not-guilty-food-co-ltd-a22-1168734-not-guilty-food-co-ltd.html
2023-02-01,A22-1174145,Upheld,Brightika Inc,green,https://www.asa.org.uk/rulings/brightika-inc-a22-1174145-brightika-inc.html
2023-01-18,A22-1168379,Upheld,Surfshark B.V.,sustainable,https://www.asa.org.uk/rulings/surfshark-b-v--a22-1168379-surfshark-b-v-.html
2022-12-21,A22-1171467,Upheld,LC International Ltd,climate,https://www.asa.org.uk/rulings/lc-international-ltd.html
2022-11-23,G22-1169434,Upheld,Vodafone Ltd,green,https://www.asa.org.uk/rulings/vodafone-ltd-g22-1169434-vodafone-ltd.html
2022-11-09,A22-1156075,Upheld,Perfectly Green Ltd,environmental,https://www.asa.org.uk/rulings/perfectly-green-ltd-a22-1156075-perfectly-green-ltd.html
2022-11-02,G22-1161146,Upheld,THE PACK PET Limited,environmental,https://www.asa.org.uk/rulings/the-pack-pet-limited-g22-1161146-the-pack-pet-limited.html
2022-10-26,G22-1154356,Upheld,Bambooi Sustainable Enterprises Ltd,environmental,https://www.asa.org.uk/rulings/bambooi-sustainable-enterprises-ltd-g22-1154356-bambooi-sustainable-enterprises-ltd.html
2022-10-19,G21-1127656,Upheld,HSBC UK Bank plc,environmental,https://www.asa.org.uk/rulings/hsbc-uk-bank-plc-g21-1127656-hsbc-uk-bank-plc.html
2022-10-19,A21-1116986,Upheld,Q River Ltd,environmental,https://www.asa.org.uk/rulings/q-river-ltd-a21-1116986-q-river-ltd.html
2022-09-21,A22-1158770,Upheld,Ian Macleod Distillers Ltd,climate,https://www.asa.org.uk/rulings/ian-macleod-distillers-ltd-a22-1158770-ian-macleod-distillers-ltd.html
2022-08-31,A22-1150985,Upheld,Unilever UK Ltd,environmental,https://www.asa.org.uk/rulings/unilever-uk-ltd-a22-1150985-unilever-uk-ltd.html
2022-08-31,A22-1149847,Upheld,Centre For Medical Sciences & Research Ltd,climate,https://www.asa.org.uk/rulings/centre-for-medical-sciences---research-ltd-a22-1149847-centre-for-medical-sciences--research-ltd.html
2022-08-24,G22-1154984,Upheld,Toyota (GB) plc,green,https://www.asa.org.uk/rulings/toyota--gb--plc-g22-1154984-toyota--gb--plc.html
2022-08-03,A21-1128535,Upheld,Golden Leaves Ltd,environmental,https://www.asa.org.uk/rulings/golden-leaves-ltd-a21-1128535-golden-leaves-ltd.html
2022-08-03,A21-1114723,Upheld,JC Atkinson & Son Ltd,environmental,https://www.asa.org.uk/rulings/jc-atkinson---son-ltd-a21-1114723-jc-atkinson--son-ltd.html
2022-08-03,A21-1136252,Upheld,FlexFuel-Energy Development,carbon,https://www.asa.org.uk/rulings/flexfuel-energy-development-a21-1136252-flexfuel-energy-development.html
2022-07-20,G22-1152938,Upheld,Samsung Electronics (UK) Ltd,climate,https://www.asa.org.uk/rulings/samsung-electronics--uk--ltd-g22-1152938-samsung-electronics--uk--ltd.html
2022-07-06,G22-1146766,,Served Drinks Ltd,environmental,https://www.asa.org.uk/rulings/served-drinks-ltd-g22-1146766-served-drinks-ltd.html
2022-06-15,G22-1151155,Upheld,PPB Counterparty Services Ltd,green,https://www.asa.org.uk/rulings/ppb-counterparty-services-ltd-g22-1151155-ppb-counterparty-services-ltd.html
2022-06-08,G21-1128264,Upheld,Tesco Stores Ltd,environmental,https://www.asa.org.uk/rulings/tesco-stores-ltd-g21-1128264-tesco-stores-ltd.html
2022-06-08,G21-1126780,Not upheld,J Sainsbury plc,environmental,https://www.asa.org.uk/rulings/j-sainsbury-plc-g21-1126780-j-sainsbury-plc.html
2022-06-08,G22-1146515,Upheld,Evergreens (UK) Ltd,environmental,https://www.asa.org.uk/rulings/evergreens--uk--ltd-g22-1146515-evergreens--uk--ltd.html
2022-06-08,G22-1148327,Not upheld,Vegan Friendly UK,environmental,https://www.asa.org.uk/rulings/vegan-friendly-uk-g22-1148327-vegan-friendly-uk.html
2022-06-01,A21-1138301,Upheld,Verisure Services (UK) Ltd,green,https://www.asa.org.uk/rulings/verisure-services--uk--ltd-a21-1138301-verisure-services--uk--ltd.html
2022-05-25,A21-1101101,Upheld,Magnatech Technology Ltd,environmental,https://www.asa.org.uk/rulings/magnatech-technology-ltd-a21-1101101-magnatech-technology-ltd-1.html
2022-05-18,A22-1143767,Upheld,Liquid Lipo Ltd,carbon,https://www.asa.org.uk/rulings/liquid-lipo-ltd-a22-1143767-liquid-lipo-ltd.html
2022-05-11,G21-1129380,Upheld,ARSJ Holding Ltd,sustainable,https://www.asa.org.uk/rulings/arsj-holding-ltd-g21-1129380-arsj-holding-ltd.html
2022-05-04,A22-1140643,Upheld,Oneade,green,https://www.asa.org.uk/rulings/oneade-a22-1140643-oneade.html
2022-04-06,A21-1118832,Upheld,TIER Operations Ltd,environmental,https://www.asa.org.uk/rulings/tier-operations-ltd-a21-1118832-tier-operations-ltd.html
2022-03-30,A21-1121388,Upheld,John Mills Ltd,green,https://www.asa.org.uk/rulings/john-mills-ltd-a21-1121388-john-mills-ltd.html
2022-02-23,G21-1111827,Upheld,Innocent Ltd,environmental,https://www.asa.org.uk/rulings/innocent-ltd-g21-1111827-innocent-ltd.html
2022-01-26,G21-1096286,Upheld,Oatly UK Ltd,environmental,https://www.asa.org.uk/rulings/oatly-uk-ltd-g21-1096286-oatly-uk-ltd.html
2022-01-19,G21-1120958,,Roxane UK Ltd,environmental,https://www.asa.org.uk/rulings/roxane-uk-ltd-g21-1120958-roxane-uk-ltd.html
2022-01-19,A21-1120048,Upheld,Pepsi Lipton International,environmental,https://www.asa.org.uk/rulings/pepsi-lipton-international-a21-1120048-pepsi-lipton-international.html
2022-01-19,A21-1122322,Upheld,Rental Republic Ltd,green,https://www.asa.org.uk/rulings/rental-republic-ltd-a21-1122322-rental-republic-ltd.html
2022-01-19,G21-1120905,Upheld,Mondelez UK Ltd,climate,https://www.asa.org.uk/rulings/mondelez-uk-ltd-g21-1120905-mondelez-uk-ltd.html
2021-12-22,A21-1122417,Upheld,Schuh Ltd,green,https://www.asa.org.uk/rulings/schuh-ltd-a21-1122417-schuh-ltd.html
2021-12-22,A21-1121236,Not upheld,Popsoda Ltd,green,https://www.asa.org.uk/rulings/popsoda-ltd-a21-1121236-popsoda-ltd.html
2021-12-22,A21-1125323,Upheld,H&M Hennes & Mauritz UK Ltd,green,https://www.asa.org.uk/rulings/h-m-hennes---mauritz-uk-ltd-a21-1125323-hm-hennes--mauritz-uk-ltd.html
2021-12-22,A21-1109653,Upheld,British Telecommunications plc,sustainable,https://www.asa.org.uk/rulings/british-telecommunications-plc-a21-1109653-british-telecommunications-plc.html
2021-11-24,A21-1104782,Upheld,Class Delta Ltd,environmental,https://www.asa.org.uk/rulings/class-delta-ltd-a21-1104782-class-delta-ltd.html
2021-11-24,G21-1113128,Not upheld,Green Flag Ltd,green,https://www.asa.org.uk/rulings/green-flag-ltd-g21-1113128-green-flag-ltd.html
2021-11-24,G21-1116797,Upheld,Jaguar Land Rover Ltd,carbon,https://www.asa.org.uk/rulings/jaguar-land-rover-ltd-g21-1116797-jaguar-land-rover-ltd.html
2021-11-17,G21-1121641,Upheld,Motorway Online Ltd,climate,https://www.asa.org.uk/rulings/motorway-online-ltd-g21-1121641-motorway-online-ltd.html
2021-11-03,G21-1102557,Upheld,Open Media Group Ltd,green,https://www.asa.org.uk/rulings/open-media-group-ltd-g21-1102557-open-media-group-ltd.html
2021-10-20,A20-1081249,Upheld,Alpro (UK) Ltd,environmental,https://www.asa.org.uk/rulings/alpro--uk--ltd-a20-1081249-alpro--uk--ltd.html
2021-10-13,A20-1085246,Upheld,Copper Clothing Ltd,climate,https://www.asa.org.uk/rulings/copper-clothing-ltd-a20-1085246-copper-clothing-ltd.html
2021-10-06,A21-1102851,Upheld,Kinetique Ltd,environmental,https://www.asa.org.uk/rulings/kinetique-ltd-a21-1102851-kinetique-ltd.html
2021-10-06,G21-1111153,Not upheld,salesforce UK Ltd,climate,https://www.asa.org.uk/rulings/salesforce-uk-ltd-g21-1111153-salesforce-uk-ltd.html
2021-09-29,A21-1102344,Upheld,PBO Skincare Ltd,sustainable,https://www.asa.org.uk/rulings/pbo-skincare-ltd-a21-1102344-pbo-skincare-ltd.html
2021-09-29,G21-1102554,Upheld,TalkTalk Telecom Ltd,climate,https://www.asa.org.uk/rulings/talktalk-telecom-ltd-g21-1102554-talktalk-telecom-ltd.html
2021-08-18,A21-1106307,Not upheld,Lucozade Ribena Suntory Ltd,environmental,https://www.asa.org.uk/rulings/lucozade-ribena-suntory-ltd-a21-1106307-lucozade-ribena-suntory-ltd.html
2021-08-18,G21-1092229,Upheld,Agriculture and Horticulture Development Board,environmental,https://www.asa.org.uk/rulings/agriculture-and-horticulture-development-board-g21-1092229-agriculture-and-horticulture-development-board.html
2021-08-18,A20-1085398,Upheld,Maple Syrup Media Ltd,green,https://www.asa.org.uk/rulings/maple-syrup-media-ltd-a20-1085398-maple-syrup-media-ltd.html
2021-08-11,G21-1102790,Not upheld,Noble Foods Ltd,environmental,https://www.asa.org.uk/rulings/noble-foods-ltd-g21-1102790-noble-foods-ltd.html
2021-08-04,A20-1080885,Upheld,John Mills Ltd,sustainable,https://www.asa.org.uk/rulings/john-mills-ltd-a20-1080885-john-mills-ltd.html
2021-08-04,G21-1108657,Upheld,Turner Broadcasting System Europe Ltd,climate,https://www.asa.org.uk/rulings/turner-broadcasting-system-europe-ltd-g21-1108657-turner-broadcasting-system-europe-ltd.html
2021-07-21,A21-1105988,Upheld,Cignpost Diagnostics Ltd,green,https://www.asa.org.uk/rulings/cignpost-diagnostics-ltd-a21-1105988-cignpost-diagnostics-ltd.html
2021-07-07,G21-1112564,Upheld,Pruvit Ventures Inc,sustainable,https://www.asa.org.uk/rulings/pruvit-ventures-inc-g21-1112564-pruvit-ventures-inc.html
